,Date,SELIC_META,IPCA,SELIC,IND_DESMP,IPCA_ALIMENTOS,IC-Br Agropecuária,PIB,DIVIDA_EXTERNA,USD/BRL,USD/BRL_var_mensal_pct,CL=F_var_mensal_pct,FED
0,2004-02-29,16.5,0.61,0.05994,,0.15,102.04,141654.7,152530.5,2.9138,-0.9214866197422511,9.409986935382953,1.01
1,2004-03-31,16.25,0.47,0.059291,,0.43,106.19,160673.9,150254.75,2.9086,-0.17846111606830695,-1.1061989147312823,1.0
2,2004-04-30,16.0,0.37,0.058229,,-0.34,108.5,159113.9,140809.68,2.9447,1.2411469435467115,4.530209235514793,1.0
3,2004-05-31,16.0,0.51,0.05816,,0.23,118.01,160112.1,151100.02,3.1291,6.262098006588102,6.688068294713001,1.0
4,2004-06-30,16.0,0.71,0.058229,,0.72,118.21,162569.0,150047.4,3.1075,-0.6902943338340295,-7.096293267949094,1.03
5,2004-07-31,16.0,0.91,0.058298,,0.67,110.68,168216.4,146751.92,3.0268,-2.596942880128683,18.218623856942152,1.26
6,2004-08-31,16.0,0.69,0.058606,,0.85,107.24,168068.5,143758.07,2.9338,-3.0725518699616594,-3.8356172019160195,1.43
7,2004-09-30,16.25,0.33,0.059735,,-0.19,105.4,168967.4,140466.58,2.8586,-2.5632285772718366,17.85375272664369,1.61
8,2004-10-31,16.75,0.44,0.061439,,-0.23,103.36,174390.5,143250.48,2.8565,-0.07346253410762671,4.270747296437016,1.76
9,2004-11-30,17.25,0.69,0.063035,,-0.01,101.83,178012.0,137971.88,2.7307,-4.40399089795207,-5.08113859873105,1.93
10,2004-12-31,17.75,0.86,0.06486,,0.65,102.07,173518.0,125117.24,2.6544,-2.794155344783411,-11.561164627903974,2.16
11,2005-01-31,18.25,0.58,0.066509,,0.78,101.36,161646.6,116833.6,2.6248,-1.1151295961422725,10.93210567685765,2.28
12,2005-02-28,18.75,0.59,0.068184,,0.49,98.74,159966.7,106382.96,2.595,-1.1353245961597591,7.3651435287737765,2.5
13,2005-03-31,19.25,0.61,0.069886,,0.26,106.39,178097.1,99051.6,2.6662,2.743737957610781,7.053143045176635,2.63
14,2005-04-30,19.5,0.87,0.070718,,0.81,99.59,177918.1,92510.02,2.5313,-5.059635436201382,-10.25270784969653,2.79
15,2005-05-31,19.75,0.49,0.071581,,0.65,94.57,178129.5,89300.29,2.4038,-5.036937541974451,4.525341803618277,3.0
16,2005-06-30,19.75,-0.02,0.071515,,-0.67,91.39,179509.8,84367.09,2.3504,-2.221482652466933,8.716564696735606,3.04
17,2005-07-31,19.75,0.25,0.071515,,-0.77,90.03,181673.2,80358.45,2.3905,1.7060925799863735,7.203539282874716,3.26
18,2005-08-31,19.75,0.17,0.071481,,-0.73,89.02,186712.8,79660.45,2.3637,-1.1211043714704494,13.818726743855759,3.5
19,2005-09-30,19.5,0.35,0.070818,,-0.25,89.04,184473.1,74752.33,2.2222,-5.986377289842181,-3.916455587496559,3.62
20,2005-10-31,19.0,0.75,0.068886,,0.27,92.41,192948.2,64103.06,2.2543,1.4445144451445069,-9.782608320071539,3.78
21,2005-11-30,18.5,0.55,0.067481,,0.88,92.02,196419.8,54062.93,2.207,-2.0982123053719604,-4.082996477979794,4.0
22,2005-12-31,18.0,0.36,0.06587,,0.27,100.0,193089.5,46793.32,2.3407,6.0579972813774585,6.489883531941176,4.16
23,2006-01-31,17.25,0.59,0.063102,,0.11,104.78,181707.7,35166.3,2.216,-5.327466142606907,11.27129284113073,4.29
24,2006-02-28,17.25,0.41,0.063305,,-0.28,101.56,176988.5,27958.16,2.1355,-3.632671480144367,-9.584803440866008,4.49
25,2006-03-31,16.5,0.43,0.060758,,-0.24,96.26,195574.3,20050.39,2.1724,1.7279325684851798,8.50024005695522,4.59
26,2006-04-30,15.75,0.21,0.057886,,-0.27,95.82,188585.8,12785.19,2.0892,-3.829865586448178,7.879333958295609,4.79
27,2006-05-31,15.75,0.1,0.057749,,-0.03,99.45,198731.5,2228.35,2.3005,10.113919203522848,-0.8208074018291267,4.94
28,2006-06-30,15.25,-0.21,0.056097,,-0.61,101.78,194659.5,986.56,2.1643,-5.920452075635763,3.7733236174224194,4.99
29,2006-07-31,14.75,0.19,0.054301,,0.09,102.3,203488.6,-9269.37,2.1762,0.5498313542484867,0.5677185048491129,5.24
30,2006-08-31,14.25,0.05,0.052635,,0.07,97.67,208799.8,-19425.87,2.1388,-1.7185920411726952,-5.564515194543917,5.25
31,2006-09-30,14.25,0.21,0.0526,,0.08,95.09,205559.3,-23487.93,2.1742,1.6551337198429383,-10.461147260666303,5.25
32,2006-10-31,13.75,0.33,0.050893,,0.88,95.15,219035.0,-33409.76,2.143,-1.435010578603657,-6.644413154211337,5.25
33,2006-11-30,13.25,0.31,0.049143,,1.05,99.86,220981.6,-42230.5,2.1668,1.11059262715818,7.491914796823029,5.25
34,2006-12-31,13.25,0.48,0.049178,,0.39,100.71,215338.3,-47003.44,2.138,-1.329148975447647,-3.2947913763068604,5.24
35,2007-01-31,13.0,0.44,0.048265,,0.84,100.51,206662.3,-58356.28,2.1247,-0.6220767072029454,-4.766584576213373,5.25
36,2007-02-28,13.0,0.44,0.048265,,0.78,98.85,201552.1,-79457.56,2.1182,-0.3059255424295526,6.277952466798231,5.26
37,2007-03-31,12.75,0.37,0.047385,,0.98,98.29,223208.6,-95589.24,2.0504,-3.2008308941554264,6.603013061340501,5.26
38,2007-04-30,12.5,0.25,0.046503,,0.03,92.61,218931.2,-121727.8,2.0339,-0.8047210300429097,-0.24290823658372762,5.25
39,2007-05-31,12.5,0.28,0.046503,,0.16,89.54,227535.3,-144385.77,1.9289,-5.162495697920233,-2.5871206390625234,5.25
40,2007-06-30,12.0,0.28,0.044734,,1.09,87.96,224188.2,-164315.56,1.9262,-0.1399761522110854,10.420243628097015,5.25
41,2007-07-31,11.5,0.24,0.042956,,1.27,88.33,230916.3,-150416.46,1.8776,-2.5231024815699277,10.653648481585343,5.26
42,2007-08-31,11.5,0.47,0.042956,,1.39,91.72,233905.1,-166357.79,1.962,4.495100127822749,-5.331796723896398,5.02
43,2007-09-30,11.25,0.18,0.042065,,0.44,92.83,227024.5,-153534.86,1.8389,-6.274209989806312,10.291737780062604,4.94
44,2007-10-31,11.25,0.3,0.042065,,0.52,89.37,245688.0,-153882.0,1.744,-5.16069389308822,15.760463556235727,4.76
45,2007-11-30,11.25,0.38,0.042065,,0.73,89.62,243269.2,-174791.74,1.7837,2.2763761467889942,-6.156775383455171,4.49
46,2007-12-31,11.25,0.74,0.042065,,2.06,93.98,237382.1,-177496.49,1.7713,-0.6951841677411696,8.195247827179198,4.24
47,2008-01-31,11.25,0.54,0.042065,,1.52,98.05,232824.8,-185972.6,1.7603,-0.6210128154462646,-4.407171503425477,3.94
48,2008-02-29,11.25,0.49,0.042065,,0.6,102.18,231982.2,-179529.58,1.6833,-4.374254388456489,10.997271212959813,2.98
49,2008-03-31,11.25,0.48,0.042065,,0.89,102.15,247248.3,-186534.47,1.7491,3.908988296797977,-0.2552970504568042,2.61
50,2008-04-30,11.75,0.55,0.043597,,1.29,100.4,253194.4,-181410.16,1.6872,-3.538962895203257,11.69521267894491,2.28
51,2008-05-31,11.75,0.79,0.043704,,1.95,99.51,255747.4,-174786.12,1.6294,-3.425794215267919,12.242199455075898,1.98
52,2008-06-30,12.25,0.74,0.045584,,2.11,101.57,260583.4,-172385.81,1.5919,-2.301460660365795,9.933256126775314,2.0
53,2008-07-31,13.0,0.53,0.04823,,1.05,100.35,271290.4,-162440.56,1.5666,-1.589295810038327,-11.371427263532375,2.01
54,2008-08-31,13.0,0.28,0.04823,,-0.18,95.88,268546.1,-172706.42,1.6344,4.327843738031389,-6.947132994339311,2.0
55,2008-09-30,13.75,0.26,0.050823,,-0.27,102.73,272766.1,-219670.39,1.9143,17.125550660792932,-12.83561390294281,1.81
56,2008-10-31,13.75,0.45,0.050788,,0.69,104.17,284913.7,-257821.02,2.1153,10.499921642375764,-32.62122618259027,0.97
57,2008-11-30,13.75,0.36,0.050788,,0.61,101.91,272120.7,-298562.41,2.3331,10.29641185647423,-19.731599668406542,0.39
58,2008-12-31,13.75,0.28,0.050858,,0.36,105.39,258585.6,-294760.4,2.337,0.16715957310018403,-18.05989670391377,0.16
59,2009-01-31,12.75,0.48,0.047314,,0.75,106.54,244784.1,-281005.5,2.3162,-0.8900299529311262,-6.547081320282144,0.15
60,2009-02-28,12.75,0.55,0.047314,,0.27,103.6,242496.9,-287181.55,2.3784,2.685433036870699,7.389630503373468,0.22
61,2009-03-31,11.25,0.2,0.041993,,0.3,101.46,268846.1,-284093.2,2.3152,-2.657248570467541,10.947278171638363,0.18
62,2009-04-30,10.25,0.48,0.038406,,0.15,101.47,263434.9,-261272.73,2.1783,-5.913096060815448,2.93999011067001,0.15
63,2009-05-31,10.25,0.47,0.038406,,0.44,101.02,268734.4,-233554.45,1.973,-9.424780792360988,29.714395430541796,0.18
64,2009-06-30,9.25,0.36,0.034786,,0.7,94.71,271408.2,-230347.26,1.9516,-1.0846426761277894,5.398886989690022,0.21
65,2009-07-31,8.75,0.24,0.032927,,-0.06,94.28,281453.8,-222113.41,1.8726,-4.04796064767371,-0.6295642370136023,0.16
66,2009-08-31,8.75,0.15,0.032927,,-0.01,93.61,282514.8,-223419.78,1.8864,0.7369432874078763,0.7343443608939904,0.16
67,2009-09-30,8.75,0.24,0.032927,,-0.14,91.52,288874.7,-207060.45,1.7781,-5.741094147582759,0.9291045374286933,0.15
68,2009-10-31,8.75,0.28,0.032927,,-0.09,90.83,309141.3,-209794.7,1.744,-1.9177774028457661,9.049708730227168,0.12
69,2009-11-30,8.75,0.41,0.032927,,0.58,93.37,307943.5,-217709.99,1.7505,0.3727064220183207,0.363634778307631,0.12
70,2009-12-31,8.75,0.37,0.032927,,0.24,96.99,303406.8,-215870.02,1.7412,-0.5312767780634498,2.6915137990554783,0.12
71,2010-01-31,8.75,0.75,0.032927,,1.13,101.01,284387.8,-240337.94,1.8748,7.672869285550199,-8.152723249675976,0.11
72,2010-02-28,8.75,0.78,0.032927,,0.96,102.85,283355.0,-227502.61,1.811,-3.403029656496759,9.2879741105093,0.13
73,2010-03-31,8.75,0.52,0.032927,,1.55,95.08,318654.6,-225005.21,1.781,-1.6565433462175871,5.146872063315344,0.16
74,2010-04-30,9.5,0.57,0.035657,,1.45,92.12,311649.1,-215343.91,1.7306,-2.829870859067951,2.8533898384592415,0.2
75,2010-05-31,9.5,0.43,0.035621,,0.28,92.38,315947.2,-231322.18,1.8167,4.975153126083431,-14.138131270394682,0.2
76,2010-06-30,10.25,0.0,0.038406,,-0.9,90.98,316548.7,-229197.32,1.8015,-0.8366818957449618,2.2441476346092504,0.18
77,2010-07-31,10.75,0.01,0.040203,,-0.76,93.16,328892.6,-224840.9,1.7572,-2.4590618928670316,4.389792166327466,0.18
78,2010-08-31,10.75,0.04,0.040203,,-0.24,98.32,332376.6,-222186.78,1.756,-0.06829046209876344,-8.904368652357997,0.19
79,2010-09-30,10.75,0.45,0.040203,,1.08,104.42,336665.5,-228008.46,1.6942,-3.5193621867881664,11.19299674180716,0.19
80,2010-10-31,10.75,0.75,0.040203,,1.89,108.89,350938.6,-246849.88,1.7014,0.42497934128200576,1.8256834590302473,0.19
81,2010-11-30,10.75,0.83,0.040203,,2.22,117.82,358431.8,-252181.85,1.7161,0.863994357587905,3.291170692781442,0.19
82,2010-12-31,10.75,0.63,0.040239,,1.32,123.07,347999.5,-219620.76,1.6662,-2.9077559582774914,8.643439056367885,0.18
83,2011-01-31,11.25,0.83,0.042029,,1.16,129.72,327592.4,-238912.86,1.6734,0.43212099387823777,0.8864141084858446,0.17
84,2011-02-28,11.25,0.8,0.042029,,0.23,138.16,332316.4,-255625.54,1.6612,-0.7290546193378877,5.184942675682147,0.16
85,2011-03-31,11.75,0.79,0.04381,,0.75,135.78,356621.8,-261110.63,1.6287,-1.9564170479171583,10.054655952627112,0.14
86,2011-04-30,12.0,0.77,0.044698,,0.58,128.88,354607.7,-259675.14,1.5733,-3.401485847608565,6.755996066343695,0.1
87,2011-05-31,12.0,0.47,0.044698,,0.63,121.25,368282.8,-267231.92,1.5799,0.41950041314433584,-9.856932613756353,0.09
88,2011-06-30,12.25,0.15,0.045584,,-0.26,119.31,363821.7,-269652.92,1.5611,-1.189948730932333,-7.0886066169658974,0.09
89,2011-07-31,12.5,0.16,0.046468,,-0.34,116.87,367341.3,-283209.66,1.5563,-0.3074754980462169,0.2934382568328342,0.07
90,2011-08-31,12.5,0.37,0.046432,,0.72,119.72,374873.1,-298996.31,1.5872,1.9854783782047303,-7.199581618978312,0.1
91,2011-09-30,12.0,0.53,0.044627,,0.64,129.76,370119.9,-379265.02,1.8544,16.834677419354783,-10.820854492210985,0.08
92,2011-10-31,11.5,0.43,0.042849,,0.56,126.6,383767.3,-335124.22,1.6885,-8.946289905090577,17.66414903059481,0.07
93,2011-11-30,11.5,0.52,0.042849,,1.08,125.33,391536.4,-368595.61,1.8109,7.249037607343811,7.693956412817471,0.08
94,2011-12-31,11.0,0.5,0.041099,,1.23,124.27,385501.2,-386351.51,1.8758,3.5838533325970756,-1.5245105320765395,0.07
95,2012-01-31,10.5,0.56,0.03927,,0.86,126.13,364188.7,-345783.43,1.7391,-7.287557308881565,-0.35414192819644974,0.08
96,2012-02-29,10.5,0.45,0.03927,,0.19,121.72,367527.7,-333832.98,1.7092,-1.719280087401509,8.722579249674478,0.1
97,2012-03-31,9.75,0.21,0.036564,8.0,0.25,124.22,397757.8,-380161.09,1.8221,6.605429440673971,-3.782575010088085,0.13
98,2012-04-30,9.0,0.64,0.033839,7.8,0.51,123.92,385882.7,-413830.56,1.8918,3.8252565720871434,1.795773795184008,0.14
99,2012-05-31,8.5,0.36,0.031976,7.7,0.73,125.73,401863.7,-449695.9,2.0223,6.898192197906816,-17.488322196008443,0.16
100,2012-06-30,8.5,0.08,0.032012,7.6,0.68,126.11,395379.2,-448758.64,2.0213,-0.04944864757949752,-1.8143993031002559,0.16
101,2012-07-31,8.0,0.43,0.03014,7.5,0.91,138.71,409024.9,-460456.92,2.0499,1.414930985009577,3.6487741378608884,0.16
102,2012-08-31,7.5,0.41,0.028296,7.3,0.88,139.31,418752.4,-455716.04,2.0372,-0.619542416703267,9.550311032558788,0.13
103,2012-09-30,7.5,0.57,0.028296,7.1,1.26,139.05,402671.5,-452977.95,2.0306,-0.3239740820734749,-4.436611096858134,0.14
104,2012-10-31,7.25,0.59,0.027371,6.9,1.36,136.54,431399.8,-445247.13,2.0313,0.034472569683874354,-6.454067057236912,0.16
105,2012-11-30,7.25,0.6,0.027371,6.8,0.79,137.88,426614.9,-470034.07,2.1074,3.746369320139742,3.0960179319085457,0.16
106,2012-12-31,7.25,0.79,0.027927,6.9,1.03,139.3,413696.7,-436877.75,2.0435,-3.03217234506975,3.272968072044957,0.16
107,2013-01-31,7.25,0.86,0.02726,7.2,1.99,136.07,408895.0,-417990.55,1.9883,-2.70124785906537,6.175123271389982,0.14
108,2013-02-28,7.25,0.6,0.027594,7.8,1.45,131.05,398087.4,-412319.08,1.9754,-0.6487954534023954,-5.580054293993786,0.15
109,2013-03-31,7.25,0.47,0.027445,8.0,1.14,129.9,434631.2,-428882.5,2.0138,1.9439100941581744,5.627376570822262,0.14
110,2013-04-30,7.5,0.55,0.028333,7.9,0.96,128.12,446508.1,-425484.01,2.0017,-0.600854106663995,-3.877408353696299,0.15
111,2013-05-31,8.0,0.37,0.030177,7.6,0.31,128.79,441321.9,-456877.24,2.1319,6.504471199480455,-1.594262656072587,0.11
112,2013-06-30,8.0,0.26,0.030177,7.5,0.04,136.06,434750.0,-466846.27,2.2156,3.9260753318635766,4.990753807728998,0.09
113,2013-07-31,8.5,0.03,0.032012,7.4,-0.33,138.89,452593.1,-484637.28,2.2903,3.3715472106879085,8.771749621848745,0.09
114,2013-08-31,9.0,0.24,0.033839,7.2,0.01,142.51,453785.4,-495169.52,2.3725,3.589049469501826,2.4945280177404605,0.08
115,2013-09-30,9.0,0.35,0.033839,7.0,0.14,139.0,447755.6,-434140.34,2.23,-6.006322444678569,-4.941941123470683,0.08
116,2013-10-31,9.5,0.57,0.035657,6.8,1.03,134.81,475721.2,-426760.87,2.2026,-1.2286995515694787,-5.8145260150196165,0.09
117,2013-11-30,10.0,0.54,0.037468,6.5,0.56,139.12,470316.2,-463839.4,2.3249,5.552528829565162,-3.7974643463532964,0.08
118,2013-12-31,10.0,0.92,0.037468,6.2,0.89,141.76,467253.8,-471378.74,2.3426,0.7613230676588589,6.147537611301779,0.09
119,2014-01-31,10.5,0.55,0.03927,6.5,0.84,144.83,453273.1,-490536.26,2.4263,3.5729531290019656,-0.944930219953255,0.07
120,2014-02-28,10.75,0.69,0.040168,6.8,0.56,151.74,455504.9,-454699.1,2.3334,-3.8288752421382632,5.231304324416675,0.07
121,2014-03-31,10.75,0.92,0.040168,7.2,1.92,154.33,477203.1,-413006.9,2.263,-3.017056655524142,-0.9844960940532999,0.08
122,2014-04-30,11.0,0.67,0.041063,7.2,1.19,149.81,479730.3,-396456.09,2.236,-1.1931064958020432,-1.8113840658768643,0.09
123,2014-05-31,11.0,0.46,0.041063,7.0,0.58,146.61,481273.6,-398213.03,2.239,0.13416815742393062,2.977743417199319,0.09
124,2014-06-30,11.0,0.4,0.041063,6.9,-0.11,144.63,461317.9,-375826.75,2.2025,-1.6301920500223388,2.589819575328489,0.1
125,2014-07-31,11.0,0.01,0.041063,7.0,-0.15,141.69,486870.1,-393364.68,2.2674,2.9466515323496534,-6.833068605827918,0.09
126,2014-08-31,11.0,0.25,0.041063,7.0,-0.15,138.89,483776.6,-372833.46,2.2396,-1.2260739172620716,-2.2511960127261865,0.09
127,2014-09-30,11.0,0.57,0.041063,6.8,0.78,142.98,491478.7,-422856.63,2.451,9.43918556885157,-5.002079479114929,0.09
128,2014-10-31,11.25,0.42,0.041957,6.7,0.46,153.56,509092.3,-405750.13,2.4442,-0.2774377804977579,-11.64984896879313,0.09
129,2014-11-30,11.25,0.51,0.041957,6.6,0.77,159.39,498553.2,-440486.08,2.5601,4.7418378201456335,-17.866897474636335,0.09
130,2014-12-31,11.75,0.78,0.043739,6.6,1.08,162.05,500879.2,-483658.4,2.6562,3.753759618764918,-19.470900636451805,0.12
131,2015-01-31,12.25,1.24,0.045513,6.9,1.48,156.59,474623.3,-454928.88,2.6623,0.2296513816730572,-9.442460552041897,0.11
132,2015-02-28,12.25,1.22,0.045513,7.5,0.81,162.47,467011.1,-514401.03,2.8782,8.10952935431768,3.1509050376855585,0.11
133,2015-03-31,12.75,1.32,0.047279,8.0,1.17,175.44,515024.3,-605271.16,3.208,11.458550482940776,-4.340835852635861,0.11
134,2015-04-30,13.25,0.71,0.049037,8.1,0.97,171.26,497142.0,-528658.58,2.9936,-6.683291770573541,25.27311550342708,0.12
135,2015-05-31,13.25,0.74,0.049037,8.2,1.37,171.9,492265.6,-582078.87,3.1788,6.186531266702255,1.1235924147980025,0.12
136,2015-06-30,13.75,0.79,0.050788,8.4,0.63,175.76,490562.2,-556750.11,3.1026,-2.397130992827501,-1.3764478057361251,0.13
137,2015-07-31,14.25,0.62,0.052531,8.6,0.65,184.09,507278.0,-661136.26,3.394,9.39212273576997,-20.766776585366852,0.13
138,2015-08-31,14.25,0.22,0.052531,8.8,-0.01,193.41,501274.9,-743045.75,3.6467,7.4454920447849515,4.414265446103838,0.14
139,2015-09-30,14.25,0.54,0.052531,9.0,0.24,210.3,499675.3,-855031.33,3.9729,8.945073628211798,-8.353659647597967,0.14
140,2015-10-31,14.25,0.82,0.052531,9.1,0.77,213.08,521331.7,-826462.09,3.8589,-2.869440459110484,3.326679962128831,0.12
141,2015-11-30,14.25,1.01,0.052531,9.1,1.83,205.23,514155.4,-795776.8,3.8506,-0.2150872010158511,-10.603130737346833,0.12
142,2015-12-31,14.25,0.96,0.052531,9.1,1.5,209.86,515443.2,-816850.42,3.9048,1.4075728457902503,-11.068428430878141,0.24
143,2016-01-31,14.25,1.27,0.052531,9.6,2.28,216.68,482480.2,-876635.55,4.0428,3.5341118623233525,-9.233266466278344,0.34
144,2016-02-29,14.25,0.9,0.052531,10.3,1.06,210.97,490203.5,-876422.73,3.9796,-1.5632729791233535,0.3866777877614469,0.38
145,2016-03-31,14.25,0.43,0.052531,11.0,1.24,197.22,527615.2,-755209.02,3.5589,-10.571414212483655,13.60000045211227,0.36
146,2016-04-30,14.25,0.61,0.052531,11.3,1.09,188.81,520745.8,-719955.65,3.4508,-3.0374553935204607,19.770469447548457,0.37
147,2016-05-31,14.25,0.78,0.052531,11.3,0.78,190.48,516215.1,-773424.38,3.5951,4.181639040222618,6.92508804873242,0.37
148,2016-06-30,14.25,0.35,0.052531,11.4,0.71,190.51,522089.3,-641465.22,3.2098,-10.717365302773207,-1.5682213177098947,0.38
149,2016-07-31,14.25,0.52,0.052531,11.7,1.32,177.69,522416.1,-651571.34,3.239,0.9097140008723192,-13.92510470092555,0.39
150,2016-08-31,14.25,0.44,0.052531,11.9,0.3,173.26,530546.2,-664606.03,3.2403,0.040135844396371745,7.451928852225431,0.4
151,2016-09-30,14.25,0.08,0.052531,11.9,-0.29,174.84,524208.1,-677954.93,3.2462,0.18208190599635632,7.919465000238524,0.4
152,2016-10-31,14.0,0.26,0.05166,11.9,-0.05,172.03,539827.0,-653239.66,3.1811,-2.0054217238617777,-2.8606986320467653,0.4
153,2016-11-30,14.0,0.18,0.05166,12.0,-0.2,181.96,545698.9,-722861.9,3.3967,6.777529785294445,5.505757538952061,0.41
154,2016-12-31,13.75,0.3,0.050788,12.1,0.08,181.07,547282.5,-677008.89,3.2591,-4.050990667412469,8.656963416018293,0.54
155,2017-01-31,13.0,0.38,0.048159,12.7,0.35,177.15,514658.9,-656579.54,3.127,-4.053266239145814,-1.693968404195434,0.65
156,2017-02-28,12.25,0.33,0.045513,13.3,-0.45,170.8,510352.4,-653116.67,3.0993,-0.8858330668372161,2.2722910756239667,0.66
157,2017-03-31,12.25,0.25,0.045513,13.9,0.34,166.61,560662.1,-673719.52,3.1684,2.229535701610108,-6.313645534872359,0.79
158,2017-04-30,11.25,0.14,0.041957,13.7,0.58,165.4,537470.9,-672453.87,3.1984,0.9468501451836975,-2.509874864355832,0.9
159,2017-05-31,11.25,0.31,0.041957,13.4,-0.35,171.68,550568.0,-698275.56,3.2437,1.4163331665832724,-2.047439892034719,0.91
160,2017-06-30,10.25,-0.23,0.03837,13.1,-0.5,171.84,542690.7,-728588.01,3.3082,1.9884699571476983,-4.718540549869033,1.04
161,2017-07-31,9.25,0.24,0.034749,12.9,-0.47,168.11,548637.8,-677336.91,3.1307,-5.3654555347318444,8.970454325132504,1.15
162,2017-08-31,9.25,0.19,0.034749,12.7,-1.07,160.08,555972.6,-684346.01,3.1471,0.5238445076180875,-5.860073219075401,1.16
163,2017-09-30,8.25,0.16,0.031096,12.5,-0.41,161.96,544024.8,-689505.41,3.168,0.6641034603286133,9.400801756812282,1.15
164,2017-10-31,7.5,0.42,0.028333,12.3,-0.05,166.48,568498.9,-712311.73,3.2769,3.4375000000000044,5.2448287114488235,1.15
165,2017-11-30,7.5,0.28,0.028333,12.1,-0.38,176.05,573849.8,-709326.59,3.2616,-0.46690469651192723,5.553513053412562,1.16
166,2017-12-31,7.0,0.44,0.026481,11.9,0.54,173.02,578092.0,-742050.52,3.308,1.4226146676477924,5.261318053632524,1.3
167,2018-01-31,7.0,0.29,0.026481,12.3,0.74,171.89,553177.9,-683875.99,3.1624,-4.401451027811365,7.133408339299718,1.41
168,2018-02-28,6.75,0.32,0.025552,12.7,-0.33,174.84,539712.6,-702090.7,3.2449,2.6087781431824553,-4.773681147900277,1.42
169,2018-03-31,6.5,0.09,0.02462,13.2,0.07,171.09,589192.6,-742818.49,3.3238,2.431507904712027,5.353671454305697,1.51
170,2018-04-30,6.5,0.22,0.02462,13.0,0.09,174.02,587163.0,-776583.67,3.4811,4.732535050243669,5.589770737525335,1.69
171,2018-05-31,6.5,0.4,0.02462,12.8,0.32,188.25,562331.0,-868291.33,3.737,7.351124644508911,-2.2312947150448403,1.7
172,2018-06-30,6.5,1.26,0.02462,12.6,2.03,192.98,584605.0,-894641.63,3.8558,3.1790206047632052,10.605609357479583,1.82
173,2018-07-31,6.5,0.33,0.02462,12.4,-0.12,195.08,592545.8,-841067.06,3.7549,-2.6168369728720053,-7.26904825182949,1.91
174,2018-08-31,6.5,-0.09,0.02462,12.2,-0.34,196.26,599103.4,-1000219.22,4.1353,10.130762470372101,1.5125085561615403,1.91
175,2018-09-30,6.5,0.48,0.02462,12.0,0.1,206.97,576206.5,-961493.73,4.0039,-3.1775203733707347,4.94268882149469,1.95
176,2018-10-31,6.5,0.45,0.02462,11.8,0.59,194.34,612129.5,-851667.23,3.7177,-7.1480306700966505,-10.839593776663826,2.19
177,2018-11-30,6.5,-0.21,0.02462,11.7,0.39,195.76,607615.3,-901792.8,3.8633,3.9163999246846215,-22.018064294852802,2.2
178,2018-12-31,6.5,0.15,0.02462,11.7,0.44,201.44,600358.4,-896394.62,3.8748,0.29767297388243463,-10.838406488685415,2.27
179,2019-01-31,6.5,0.32,0.02462,12.2,0.9,195.69,578907.4,-817604.28,3.6519,-5.752554970579116,18.454087417471786,2.4
180,2019-02-28,6.5,0.43,0.02462,12.5,0.78,194.25,576675.0,-832727.07,3.7385,2.371368328815149,6.376650393745686,2.4
181,2019-03-31,6.5,0.75,0.02462,12.8,1.37,196.56,601971.1,-898836.86,3.8967,4.231643707369237,5.103107491526604,2.41
182,2019-04-30,6.5,0.57,0.02462,12.6,0.63,198.98,613125.1,-909465.95,3.9453,1.2472091769958782,6.26870717662924,2.42
183,2019-05-31,6.5,0.13,0.02462,12.4,-0.56,193.74,616066.2,-906442.24,3.9407,-0.11659442881399862,-16.288530546497316,2.39
184,2019-06-30,6.5,0.01,0.02462,12.1,-0.25,189.84,597569.8,-880933.5,3.8322,-2.7533179384373274,9.289721907856308,2.38
185,2019-07-31,6.5,0.19,0.02462,11.9,0.01,187.91,632359.6,-848346.74,3.7649,-1.7561713898021747,0.18813170524205614,2.4
186,2019-08-31,6.0,0.11,0.022751,11.9,-0.35,187.31,630309.7,-979966.61,4.1385,9.923238333023487,-5.9405996042300675,2.13
187,2019-09-30,5.5,-0.04,0.020872,11.9,-0.43,194.95,617940.9,-963021.64,4.1644,0.6258306149571125,-1.8693263299828011,2.04
188,2019-10-31,5.0,0.1,0.018985,11.7,0.05,204.22,649364.6,-886593.62,4.0041,-3.8492940159446154,0.20344111516998886,1.83
189,2019-11-30,5.0,0.51,0.018985,11.3,0.72,216.67,637689.2,-937298.78,4.224,5.491870832396772,1.827238571785239,1.55
190,2019-12-31,4.5,1.15,0.017089,11.1,3.38,220.39,637152.3,-858926.78,4.0307,-4.576231060606018,10.676098241491584,1.55
191,2020-01-31,4.5,0.21,0.017089,11.3,0.39,224.73,614690.1,-930480.85,4.2695,5.924529238097498,-15.558466731636056,1.55
192,2020-02-29,4.25,0.25,0.016137,11.7,0.11,226.97,618391.3,-1009014.24,4.4987,5.368310106569862,-13.188523798760665,1.58
193,2020-03-31,3.75,0.07,0.014227,12.4,1.13,222.98,635013.1,-1191951.75,5.1987,15.560050681308013,-54.24486079039064,0.65
194,2020-04-30,3.75,-0.31,0.014227,12.7,1.79,226.36,568248.5,-1266290.57,5.427,4.391482486006093,-8.007809698756251,0.05
195,2020-05-31,3.0,-0.38,0.011345,13.1,0.24,254.25,576764.2,-1301035.23,5.4263,-0.012898470609890023,88.37580356172043,0.05
196,2020-06-30,2.25,0.26,0.008442,13.6,0.38,234.64,607710.9,-1304212.11,5.476,0.9159095516281912,10.650883630671547,0.08
197,2020-07-31,2.25,0.36,0.008442,14.1,0.01,249.4,644059.4,-1255050.42,5.2033,-4.979912344777215,2.546473105024627,0.09
198,2020-08-31,2.0,0.24,0.007469,14.8,0.78,268.54,637201.0,-1327667.83,5.4713,5.150577518113475,5.810777566397474,0.1
199,2020-09-30,2.0,0.64,0.007469,14.9,2.28,273.79,648063.1,-1369551.0,5.6407,3.0961563065450504,-5.609010456263208,0.09
200,2020-10-31,2.0,0.86,0.007469,14.6,1.93,289.01,674186.2,-1372913.21,5.7718,2.3241796230963896,-11.014421110697159,0.09
201,2020-11-30,2.0,0.89,0.007469,14.3,2.54,290.4,679760.7,-1241635.87,5.3317,-7.625004331404428,26.683428311725233,0.09
202,2020-12-31,2.0,1.35,0.007469,14.2,1.74,282.23,705508.5,-1171955.66,5.1967,-2.532025432788798,7.013675109117257,0.09
203,2021-01-31,2.0,0.25,0.007469,14.4,1.02,314.23,679760.4,-1270551.12,5.4759,5.3726403294397596,7.584501794016263,0.09
204,2021-02-28,2.0,0.86,0.007469,14.6,0.27,331.74,707111.4,-1271876.72,5.5302,0.9916178162493905,17.816090232058546,0.08
205,2021-03-31,2.75,0.93,0.010379,14.9,0.13,346.53,769798.3,-1267875.97,5.6973,3.021590539220953,-3.804878296890879,0.07
206,2021-04-30,2.75,0.31,0.010379,14.8,0.4,350.9,737649.1,-1206977.33,5.4036,-5.155073455847525,7.47126774009943,0.07
207,2021-05-31,3.5,0.83,0.013269,14.7,0.44,350.52,731500.3,-1150788.28,5.2322,-3.1719594344510993,4.309527815130099,0.06
208,2021-06-30,4.25,0.53,0.016137,14.2,0.43,332.49,734489.4,-1055053.2,5.0022,-4.395856427506562,10.781063870295693,0.08
209,2021-07-31,4.25,0.96,0.016137,13.7,0.6,347.42,765634.4,-1093325.42,5.1216,2.38694974211342,0.6533220628337277,0.1
210,2021-08-31,5.25,0.87,0.01993,13.2,1.39,362.39,767709.7,-1085424.54,5.1433,0.42369572008744694,-7.36984066687204,0.09
211,2021-09-30,6.25,1.16,0.023687,12.7,1.02,360.43,762506.9,-1160972.6,5.4394,5.757004257966658,9.532844933280105,0.08
212,2021-10-31,7.75,1.25,0.029256,12.1,1.17,390.44,772527.6,-1197676.22,5.643,3.743059896312073,11.38211522653496,0.08
213,2021-11-30,7.75,0.95,0.029256,11.6,-0.04,407.22,788146.9,-1175640.62,5.6199,-0.4093567251462149,-20.808902061926727,0.08
214,2021-12-31,9.25,0.73,0.034749,11.1,0.84,409.88,795307.6,-1120208.44,5.5805,-0.7010800903931025,13.644603713594506,0.08
215,2022-01-31,9.25,0.54,0.034749,11.2,1.11,415.9,723763.6,-1034946.75,5.3574,-3.997849655048802,17.205162344002424,0.08
216,2022-02-28,10.75,1.01,0.040168,11.2,1.28,406.76,753382.9,-984614.1,5.1394,-4.069138014708651,8.587634218703698,0.08
217,2022-03-31,11.75,1.62,0.043739,11.1,2.42,398.94,842381.7,-889277.12,4.7378,-7.814141728606449,4.763892081530274,0.2
218,2022-04-30,11.75,1.06,0.043739,10.5,2.06,398.0,832121.7,-906861.46,4.9191,3.8266706066106826,4.397690183278913,0.33
219,2022-05-31,12.75,0.47,0.047279,9.8,0.48,414.86,841747.8,-856269.16,4.7289,-3.86656095627248,9.53290237348574,0.77
220,2022-06-30,13.25,0.67,0.049037,9.3,0.8,405.45,843611.9,-979035.87,5.238,10.765717185814916,-7.770119625874228,1.21
221,2022-07-31,13.25,-0.68,0.049037,9.1,1.3,393.98,869155.5,-992474.65,5.1884,-0.946926307751017,-6.7511339310028955,1.68
222,2022-08-31,13.75,-0.36,0.050788,8.9,0.24,393.51,873848.1,-968974.89,5.179,-0.18117338678594885,-9.196916895379603,2.33
223,2022-09-30,13.75,-0.29,0.050788,8.7,-0.51,404.05,858178.4,-952138.38,5.4066,4.394670785865995,-11.23395292591317,2.56
224,2022-10-31,13.75,0.59,0.050788,8.3,0.72,395.65,880574.2,-896106.59,5.257,-2.7669884955424884,8.856461321828867,3.08
225,2022-11-30,13.75,0.41,0.050788,8.1,0.53,403.66,880794.7,-914572.78,5.2941,0.705725699067905,-6.91089311441182,3.78
226,2022-12-31,13.75,0.62,0.050788,7.9,0.66,395.23,880116.3,-851026.12,5.2177,-1.4431159214974953,-0.36002595225353984,4.1
227,2023-01-31,13.75,0.53,0.050788,8.4,0.59,396.44,811968.0,-850981.12,5.0993,-2.269199072388195,-1.7318706113278015,4.33
228,2023-02-28,13.75,0.84,0.050788,8.6,0.16,404.27,829750.6,-858829.35,5.2078,2.127743023552253,-2.3075943089187922,4.57
229,2023-03-31,13.75,0.71,0.050788,8.8,0.05,393.72,939299.5,-888781.23,5.0804,-2.446330504243621,-1.7910510423802206,4.65
230,2023-04-30,13.75,0.61,0.050788,8.5,0.71,391.43,909708.3,-876807.19,5.0007,-1.5687741122746623,1.4668965735578743,4.83
231,2023-05-31,13.75,0.23,0.050788,8.3,0.16,378.53,912405.2,-894511.59,5.0959,1.9037334773131853,-11.318054935616173,5.06
232,2023-06-30,13.75,-0.08,0.050788,8.0,-0.66,378.28,905466.4,-803200.3,4.8192,-5.429855373928039,3.745048008379448,5.08
233,2023-07-31,13.75,0.12,0.050788,7.9,-0.46,384.11,921314.5,-803989.15,4.7415,-1.6123007968127379,15.79841981672605,5.12
234,2023-08-31,13.25,0.23,0.049037,7.8,-0.85,393.0,932277.4,-836394.16,4.9219,3.8047031530106468,2.237156642283078,5.33
235,2023-09-30,12.75,0.26,0.047279,7.7,-0.71,405.16,915853.5,-819986.6,5.0076,1.7411975050285688,8.561525645412772,5.33
236,2023-10-31,12.75,0.24,0.047279,7.6,0.31,408.6,953934.4,-808924.94,5.0575,0.9964853422797626,-9.34023931206206,5.33
